Year,Month,Day,Period,111408_1_Solar,111410_1_Solar,111412_1_Solar,120490_1_Solar,120498_1_Solar,120500_1_Solar,120503_2_Solar,120507_1_Solar,120512_1_Solar,140377_1_Solar,150554_1_Solar,170577_1_Solar,170579_1_Solar,170583_1_Solar,180145_1_Solar,210351_1_Solar,210358_1_Solar,220201_1_Solar,220203_1_Solar,220206_1_Solar,220219_1_Solar,220222_1_Solar,220225_2_Solar,220228_1_Solar,220230_1_Solar,220234_1_Solar,220236_1_Solar,220241_1_Solar,220245_1_Solar,220247_1_Solar,220250_1_Solar,220253_1_Solar,220256_1_Solar,240288_1_Solar,240298_1_Solar,250376_1_Solar
2018,6,1,1,0.0,0.0,0.0,0.0,0.0,0.0,0.0,0.0,0.0,0.0,0.0,0.0,0.0,0.0,0.0,0.0,0.0,0.0,0.0,0.0,0.0,0.0,0.0,0.0,0.0,0.0,0.0,0.0,0.0,0.0,0.0,0.0,0.0,0.0,0.0,0.0
2018,6,1,2,0.0,0.0,0.0,0.0,0.0,0.0,0.0,0.0,0.0,0.0,0.0,0.0,0.0,0.0,0.0,0.0,0.0,0.0,0.0,0.0,0.0,0.0,0.0,0.0,0.0,0.0,0.0,0.0,0.0,0.0,0.0,0.0,0.0,0.0,0.0,0.0
2018,6,1,3,0.0,0.0,0.0,0.0,0.0,0.0,0.0,0.0,0.0,0.0,0.0,0.0,0.0,0.0,0.0,0.0,0.0,0.0,0.0,0.0,0.0,0.0,0.0,0.0,0.0,0.0,0.0,0.0,0.0,0.0,0.0,0.0,0.0,0.0,0.0,0.0
2018,6,1,4,0.0,0.0,0.0,0.0,0.0,0.0,0.0,0.0,0.0,0.0,0.0,0.0,0.0,0.0,0.0,0.0,0.0,0.0,0.0,0.0,0.0,0.0,0.0,0.0,0.0,0.0,0.0,0.0,0.0,0.0,0.0,0.0,0.0,0.0,0.0,0.0
2018,6,1,5,0.0,0.0,0.0,0.0,0.0,0.0,0.0,0.0,0.0,0.0,0.0,0.0,0.0,0.0,0.0,0.0,0.0,0.0,0.0,0.0,0.0,0.0,0.0,0.0,0.0,0.0,0.0,0.0,0.0,0.0,0.0,0.0,0.0,0.0,0.0,0.0
2018,6,1,6,3.4125,5.264,2.1775,0.644605,0.555,0.15525,0.222083,0.02673,0.0315,1.6375,2.00833,4.09785,17.0,2.87408,0.40528,3.54103,1.845,0.0,0.0,0.08575,0.0,0.07,0.0104167,0.333667,0.0875,0.065,0.0171875,0.0,0.0320667,0.36456,0.0,0.0,0.0833333,4.08726,0.1885,11.1
2018,6,1,7,52.9696,81.06,32.045,28.3626,35.04,8.0325,12.8267,3.62526,3.60225,17.6625,25.425,32.0284,141.6,25.9047,38.5776,57.4385,29.8688,1.44675,17.0625,52.5933,34.2201,33.04,5.20833,37.7953,45.5292,29.0062,9.83698,3.60113,9.33942,38.2636,50.599,18.59,20.7396,100.138,5.67125,76.46
2018,6,1,8,120.518,188.3,73.58,19.201,25.155,4.9815,5.3625,1.08925,0.7425,6.1125,54.5667,64.194,273.0,48.7608,98.483,127.868,59.9175,5.7645,62.8767,135.571,113.097,123.083,15.6849,99.7512,157.675,90.4638,31.688,17.5601,37.0129,100.467,155.417,65.3467,63.7604,227.794,21.3492,105.58
2018,6,1,9,153.164,236.992,94.7808,34.3835,64.77,5.01188,19.825,2.23864,2.16225,44.0625,68.525,78.2622,339.88,62.6687,140.43,95.8467,44.955,8.51175,93.925,220.635,194.43,180.903,21.6406,128.265,231.437,127.644,45.1917,30.0156,66.5945,128.993,196.406,92.8633,85.9688,285.474,27.3422,171.16
2018,6,1,10,165.829,239.904,99.97,83.5243,105.42,9.71325,35.6525,6.84288,4.4505,66.3625,73.7417,82.3,360.84,67.8102,162.137,138.361,56.5763,9.53213,99.6883,240.757,220.962,191.333,24.8776,137.607,249.463,141.57,49.4484,32.6597,73.9778,138.244,191.641,99.7858,92.4479,311.0,29.5425,180.72
2018,6,1,11,156.804,225.876,94.0442,105.921,146.43,17.6783,44.3679,23.7762,14.2098,83.7625,75.1583,82.3,362.36,69.1221,174.676,194.322,97.4267,9.75825,99.6775,241.272,234.202,199.92,24.7917,137.804,249.9,144.121,50.3365,31.5004,72.9837,138.578,219.609,99.4067,92.8542,313.2,29.7765,181.06
2018,6,1,12,169.601,228.872,86.7642,122.598,149.94,28.37,48.9937,29.7,20.0,113.288,75.0083,82.3,360.2,68.6671,201.601,196.777,100.0,9.66938,99.97,244.902,231.559,199.92,25.0,137.713,249.9,137.621,50.1073,32.2941,73.9778,138.366,230.833,99.97,93.1354,313.2,29.7895,180.1
2018,6,1,13,164.046,234.892,93.8275,122.502,149.88,30.0,48.5929,29.7,20.0,112.225,74.5667,82.3,357.8,67.704,228.654,195.473,100.0,9.495,99.97,240.986,225.794,198.543,24.7266,137.122,249.025,140.075,49.563,30.5093,72.5108,137.667,232.344,99.9592,93.25,313.2,29.4938,178.82
2018,6,1,14,166.094,230.132,78.78,121.707,148.515,29.9975,48.2029,29.7,20.0,111.688,74.2833,82.3,356.28,66.6803,224.601,194.344,100.0,9.41063,99.97,242.187,229.904,199.71,24.25,135.999,249.696,134.908,48.6807,29.1951,73.6892,136.391,230.807,99.7642,92.9688,313.174,29.432,178.0
2018,6,1,15,166.833,239.904,91.9208,120.555,145.845,29.8551,47.6721,29.4972,19.9242,110.775,73.8583,82.3,353.8,65.9447,213.38,192.801,99.7333,9.378,99.97,234.669,219.761,192.827,24.7943,134.498,241.908,134.063,46.1484,24.7475,72.6069,134.705,233.646,99.3092,92.7917,308.729,28.9802,176.96
2018,6,1,16,161.62,234.724,99.905,116.468,140.34,28.9305,45.9929,28.6846,19.3253,107.7,72.175,81.8542,347.8,64.5266,205.882,187.37,96.9075,9.0495,98.8542,229.038,213.835,171.453,24.3568,130.449,221.054,107.266,44.063,21.8889,70.6268,125.667,231.797,99.4717,91.9479,301.189,28.0508,172.56
2018,6,1,17,146.605,216.412,91.6717,107.265,128.925,26.7638,42.2175,24.3343,16.695,99.7875,66.7833,75.596,321.52,60.333,170.826,173.184,89.5613,8.7435,98.1392,177.502,197.82,142.66,10.9844,40.3585,187.629,71.6788,35.962,22.5572,57.8563,36.9421,215.182,95.81,89.4479,286.707,24.9015,158.84
2018,6,1,18,110.338,174.272,67.535,85.0879,101.31,21.1275,32.9063,14.6347,13.689,79.95,53.5833,59.9075,258.44,48.8215,123.256,138.513,71.2687,3.64387,90.0467,146.089,180.176,101.173,13.6927,78.5027,119.058,76.9438,23.4953,9.98291,44.4684,46.846,186.719,87.4142,79.5729,240.972,21.7198,125.72
2018,6,1,19,43.9833,67.172,25.5017,32.6828,33.675,9.8955,10.8117,8.2863,6.3945,36.125,24.575,26.6789,111.6,19.0114,58.031,63.0867,32.265,1.67962,56.0842,37.5013,110.935,65.5667,8.06771,69.1752,42.525,54.9088,5.03594,12.0916,11.9448,66.5474,127.604,52.2383,52.4375,88.6865,7.62125,55.58
2018,6,1,20,1.04271,1.568,0.498333,0.93262,1.53,0.874125,0.574167,1.17946,0.72,2.6375,1.85,2.04893,4.8,0.242667,3.06493,4.75757,2.39625,0.163125,12.2742,4.40183,22.582,16.2167,1.45313,14.1657,4.8125,11.18,0.761979,3.42664,1.95607,13.8533,30.9375,10.5517,12.0521,12.2265,0.8125,3.86
2018,6,1,21,0.0,0.0,0.0,0.0,0.0,0.0,0.0,0.0,0.0,0.0,0.0,0.0,0.0,0.0,0.0,0.0,0.0,0.0,0.0,0.0,0.0,0.0,0.0,0.0,0.0,0.0,0.0,0.0,0.0,0.0,0.0,0.0,0.0,0.0,0.0,0.0
2018,6,1,22,0.0,0.0,0.0,0.0,0.0,0.0,0.0,0.0,0.0,0.0,0.0,0.0,0.0,0.0,0.0,0.0,0.0,0.0,0.0,0.0,0.0,0.0,0.0,0.0,0.0,0.0,0.0,0.0,0.0,0.0,0.0,0.0,0.0,0.0,0.0,0.0
2018,6,1,23,0.0,0.0,0.0,0.0,0.0,0.0,0.0,0.0,0.0,0.0,0.0,0.0,0.0,0.0,0.0,0.0,0.0,0.0,0.0,0.0,0.0,0.0,0.0,0.0,0.0,0.0,0.0,0.0,0.0,0.0,0.0,0.0,0.0,0.0,0.0,0.0
2018,6,1,24,0.0,0.0,0.0,0.0,0.0,0.0,0.0,0.0,0.0,0.0,0.0,0.0,0.0,0.0,0.0,0.0,0.0,0.0,0.0,0.0,0.0,0.0,0.0,0.0,0.0,0.0,0.0,0.0,0.0,0.0,0.0,0.0,0.0,0.0,0.0,0.0
2018,6,2,1,0.0,0.0,0.0,0.0,0.0,0.0,0.0,0.0,0.0,0.0,0.0,0.0,0.0,0.0,0.0,0.0,0.0,0.0,0.0,0.0,0.0,0.0,0.0,0.0,0.0,0.0,0.0,0.0,0.0,0.0,0.0,0.0,0.0,0.0,0.0,0.0
2018,6,2,2,0.0,0.0,0.0,0.0,0.0,0.0,0.0,0.0,0.0,0.0,0.0,0.0,0.0,0.0,0.0,0.0,0.0,0.0,0.0,0.0,0.0,0.0,0.0,0.0,0.0,0.0,0.0,0.0,0.0,0.0,0.0,0.0,0.0,0.0,0.0,0.0
2018,6,2,3,0.0,0.0,0.0,0.0,0.0,0.0,0.0,0.0,0.0,0.0,0.0,0.0,0.0,0.0,0.0,0.0,0.0,0.0,0.0,0.0,0.0,0.0,0.0,0.0,0.0,0.0,0.0,0.0,0.0,0.0,0.0,0.0,0.0,0.0,0.0,0.0
2018,6,2,4,0.0,0.0,0.0,0.0,0.0,0.0,0.0,0.0,0.0,0.0,0.0,0.0,0.0,0.0,0.0,0.0,0.0,0.0,0.0,0.0,0.0,0.0,0.0,0.0,0.0,0.0,0.0,0.0,0.0,0.0,0.0,0.0,0.0,0.0,0.0,0.0
2018,6,2,5,0.0,0.0,0.0,0.0,0.0,0.0,0.0,0.0,0.0,0.0,0.0,0.0,0.0,0.0,0.0,0.0,0.0,0.0,0.0,0.0,0.0,0.0,0.0,0.0,0.0,0.0,0.0,0.0,0.0,0.0,0.0,0.0,0.0,0.0,0.0,0.0
2018,6,2,6,3.84854,5.964,2.44833,0.507455,0.495,0.010125,0.189583,0.0167063,0.027,1.8125,1.40833,2.87193,8.92,2.19917,0.32929,2.80241,1.74375,0.0,0.0,0.142917,0.0,0.0933333,0.015625,0.394333,0.145833,0.08125,0.0229167,0.0,0.0400833,0.41013,0.130208,0.0,0.104167,4.68626,0.19175,8.72
2018,6,2,7,56.5148,86.744,33.735,30.269,32.745,7.25625,11.9708,2.85677,3.32775,15.575,20.8083,26.1131,117.56,22.0978,51.1159,44.4258,27.2363,1.02038,20.0417,57.7097,50.3958,46.3167,5.65885,34.3828,58.4208,33.5075,11.3839,6.37808,16.5705,35.8636,31.0677,20.2258,21.625,74.8744,8.42725,67.38
2018,6,2,8,107.171,166.04,72.8542,80.9322,89.22,13.5675,32.0504,5.8806,2.98125,39.65,48.7833,55.321,246.92,45.1891,156.413,120.199,50.5238,4.80825,66.2242,171.872,160.904,139.907,17.2031,94.8675,175.408,99.19,34.1802,21.7627,51.3147,99.7527,106.823,65.6933,53.0625,203.905,21.3265,130.34
2018,6,2,9,141.657,133.644,68.7592,108.39,122.925,26.6355,42.8025,9.58939,9.01575,77.5375,63.1917,70.6751,310.28,57.7774,207.706,174.749,83.7338,8.33962,92.7333,230.267,218.4,188.067,23.4688,122.607,235.287,132.502,45.925,30.3757,70.6028,122.872,212.917,95.0842,59.0729,251.296,27.0042,160.6
2018,6,2,10,134.358,189.952,99.97,119.403,140.25,29.4671,47.2008,23.5892,17.9325,111.575,70.1667,78.365,339.04,63.0706,223.031,190.607,98.55,9.57375,99.97,244.902,235.003,199.92,25.0,123.184,249.9,145.145,50.5771,32.9787,73.9778,136.847,242.422,99.97,81.2813,305.748,28.9802,172.7
2018,6,2,11,167.118,225.932,96.0375,122.16,147.48,30.0,48.3058,27.4876,19.9433,113.038,72.0167,80.9541,347.4,66.3542,226.906,192.606,99.7788,9.99608,99.97,244.902,244.959,199.92,24.9896,131.965,249.9,146.331,51.6714,30.9397,73.9778,143.333,244.063,99.97,94.0833,313.2,29.354,175.38
2018,6,2,12,159.724,218.82,99.97,122.173,149.67,30.0,48.4088,29.6709,19.9928,112.112,72.175,81.6999,348.12,66.5362,226.501,192.193,99.5454,9.99667,99.97,244.902,241.916,199.92,25.0,138.35,249.9,148.444,51.9578,31.7527,73.9778,143.302,249.948,99.97,100.0,308.25,29.6075,175.16
2018,6,2,13,150.7,236.152,94.5858,120.788,148.755,29.8013,47.8996,29.5199,19.8827,110.763,71.9167,81.9742,346.44,65.702,225.133,190.911,99.1463,9.88763,99.97,239.528,233.615,199.43,24.9193,139.958,249.171,143.179,51.0125,32.8859,73.4567,146.477,247.786,99.97,99.9583,313.2,29.679,174.16
2018,6,2,14,143.951,229.096,78.8558,119.609,146.925,29.484,47.4337,29.2359,19.638,109.8,71.4417,81.6313,343.6,64.4583,225.944,190.194,98.7075,7.56533,99.97,243.53,211.753,195.58,24.0885,139.958,249.9,137.459,49.901,31.8121,73.569,145.14,243.411,99.97,99.3333,313.2,29.7017,172.34
2018,6,2,15,167.25,230.356,85.3883,118.456,144.9,29.1701,46.93,28.5075,19.449,109.4,70.4917,78.5879,337.04,62.8734,223.563,188.717,97.8863,9.95088,99.97,215.232,227.982,195.72,22.7813,139.958,244.096,131.186,47.3516,30.4701,68.2619,142.816,243.984,99.97,98.5729,309.714,29.2143,147.92
2018,6,2,16,163.478,239.904,85.7458,115.809,141.39,28.512,45.825,28.1333,18.981,106.437,68.2833,66.6287,321.2,60.1662,215.584,183.286,94.995,8.70637,94.9867,240.186,188.798,196.537,24.2448,139.958,249.754,138.921,50.3307,24.5758,73.9778,142.224,240.885,94.3908,97.2708,305.628,28.197,85.54
2018,6,2,17,151.287,237.3,94.9975,105.372,132.105,26.2845,42.7808,25.5672,17.82,98.3875,62.25,59.7018,284.68,54.0995,196.181,169.296,87.615,1.02262,81.3583,178.274,176.065,146.043,18.5182,136.379,204.983,93.7463,42.4073,14.8463,55.7399,136.421,203.333,78.6825,93.7604,290.618,25.376,121.72
2018,6,2,18,118.584,187.824,72.8,88.6812,107.91,21.9611,35.1054,19.5329,14.6453,79.1,47.8667,48.3427,215.56,41.4884,155.83,135.211,69.6937,2.59087,33.4425,106.301,183.326,92.6567,14.9401,119.407,150.704,87.5225,34.1057,9.62651,34.3274,119.12,150.469,37.3208,77.5521,248.407,22.191,108.92
2018,6,2,19,37.31,61.292,28.5892,43.1474,50.685,10.368,17.1546,9.40896,7.49925,36.2375,21.6167,19.4777,70.56,15.561,72.3425,53.224,25.9987,0.309375,35.36,78.89,90.168,91.0233,10.5807,69.6605,110.658,61.1163,22.5729,3.43035,20.8834,70.4664,50.4167,45.305,47.125,114.02,12.922,45.12
2018,6,2,20,1.02375,1.932,0.769167,3.96363,4.62,1.04288,1.09417,1.35655,0.80775,2.7,1.45833,0.900156,0.96,0.34125,4.66072,4.84447,1.1925,0.118125,9.08917,21.7519,12.7858,18.55,2.1849,14.4083,21.2917,13.0,3.75833,2.05301,6.32515,14.0508,11.5104,10.5517,10.3854,16.349,2.0995,2.44
2018,6,2,21,0.0,0.0,0.0,0.0,0.0,0.0,0.0,0.0,0.0,0.0,0.0,0.0,0.0,0.0,0.0,0.0,0.0,0.0,0.0,0.0,0.0,0.0,0.0,0.0,0.0,0.0,0.0,0.0,0.0,0.0,0.0,0.0,0.0,0.0,0.0,0.0
2018,6,2,22,0.0,0.0,0.0,0.0,0.0,0.0,0.0,0.0,0.0,0.0,0.0,0.0,0.0,0.0,0.0,0.0,0.0,0.0,0.0,0.0,0.0,0.0,0.0,0.0,0.0,0.0,0.0,0.0,0.0,0.0,0.0,0.0,0.0,0.0,0.0,0.0
2018,6,2,23,0.0,0.0,0.0,0.0,0.0,0.0,0.0,0.0,0.0,0.0,0.0,0.0,0.0,0.0,0.0,0.0,0.0,0.0,0.0,0.0,0.0,0.0,0.0,0.0,0.0,0.0,0.0,0.0,0.0,0.0,0.0,0.0,0.0,0.0,0.0,0.0
2018,6,2,24,0.0,0.0,0.0,0.0,0.0,0.0,0.0,0.0,0.0,0.0,0.0,0.0,0.0,0.0,0.0,0.0,0.0,0.0,0.0,0.0,0.0,0.0,0.0,0.0,0.0,0.0,0.0,0.0,0.0,0.0,0.0,0.0,0.0,0.0,0.0,0.0
2018,6,3,1,0.0,0.0,0.0,0.0,0.0,0.0,0.0,0.0,0.0,0.0,0.0,0.0,0.0,0.0,0.0,0.0,0.0,0.0,0.0,0.0,0.0,0.0,0.0,0.0,0.0,0.0,0.0,0.0,0.0,0.0,0.0,0.0,0.0,0.0,0.0,0.0
2018,6,3,2,0.0,0.0,0.0,0.0,0.0,0.0,0.0,0.0,0.0,0.0,0.0,0.0,0.0,0.0,0.0,0.0,0.0,0.0,0.0,0.0,0.0,0.0,0.0,0.0,0.0,0.0,0.0,0.0,0.0,0.0,0.0,0.0,0.0,0.0,0.0,0.0
2018,6,3,3,0.0,0.0,0.0,0.0,0.0,0.0,0.0,0.0,0.0,0.0,0.0,0.0,0.0,0.0,0.0,0.0,0.0,0.0,0.0,0.0,0.0,0.0,0.0,0.0,0.0,0.0,0.0,0.0,0.0,0.0,0.0,0.0,0.0,0.0,0.0,0.0
2018,6,3,4,0.0,0.0,0.0,0.0,0.0,0.0,0.0,0.0,0.0,0.0,0.0,0.0,0.0,0.0,0.0,0.0,0.0,0.0,0.0,0.0,0.0,0.0,0.0,0.0,0.0,0.0,0.0,0.0,0.0,0.0,0.0,0.0,0.0,0.0,0.0,0.0
2018,6,3,5,0.0,0.0,0.0,0.0,0.0,0.0,0.0,0.0,0.0,0.0,0.0,0.0,0.0,0.0,0.0,0.0,0.0,0.0,0.0,0.0,0.0,0.0,0.0,0.0,0.0,0.0,0.0,0.0,0.0,0.0,0.0,0.0,0.0,0.0,0.0,0.0
2018,6,3,6,3.98125,6.524,2.58917,0.10972,0.42,0.050625,0.0379167,0.0334125,0.03375,1.1625,0.8,3.00052,10.24,2.05508,0.2533,0.738619,0.4725,0.0,0.0,0.0571667,0.0,0.0233333,0.0,0.2275,0.0583333,0.0325,0.00572917,0.0,0.0160333,0.27342,0.0520833,0.0,0.0729167,3.69968,0.01625,11.14
2018,6,3,7,50.0121,80.836,28.5675,5.40371,23.46,3.63825,3.73208,6.22809,4.07475,27.4875,13.975,26.9104,73.92,9.61567,42.2504,36.6051,19.5975,0.590625,7.12833,31.9847,19.3255,21.8633,1.20052,26.9815,35.8458,18.7038,8.45625,0.775913,9.02677,29.8787,23.4896,11.3533,13.0,46.933,1.4885,72.82
2018,6,3,8,103.171,184.296,76.4183,41.9679,68.145,11.2725,20.8054,15.9077,11.1218,18.15,42.5083,65.137,125.8,13.4604,165.025,101.343,55.1137,3.63825,26.6717,125.881,60.7259,106.47,12.6875,73.2702,127.983,79.04,25.6667,9.61538,36.9248,73.9297,113.281,40.1808,47.2708,111.836,6.02875,129.48
2018,6,3,9,113.731,161.672,91.7042,65.6949,119.475,17.8605,40.5167,25.878,17.6085,50.4375,59.15,64.2797,140.0,24.2439,209.403,147.311,74.61,7.69838,36.4758,171.786,181.644,148.843,20.4609,104.756,209.971,115.944,38.4943,20.3111,52.5012,110.234,183.802,81.1308,64.6563,284.46,17.0593,178.18
2018,6,3,10,149.885,210.644,82.5067,80.9185,116.07,24.4215,44.4654,28.4942,19.215,66.45,68.3167,65.7886,228.88,36.855,222.043,133.386,48.3862,7.93238,81.185,237.385,218.613,199.29,24.2943,123.851,249.2,140.611,49.1906,30.9193,70.0176,127.505,220.807,95.1925,70.4583,313.2,25.558,188.64
2018,6,3,11,148.254,201.376,92.6142,113.478,144.27,29.3018,47.6829,29.1825,19.7258,106.65,72.5167,75.8703,267.64,49.2083,224.297,154.871,74.88,9.12738,97.9767,244.902,215.597,193.9,25.0,128.083,249.9,147.371,49.0589,30.9657,73.9778,134.826,231.198,98.02,79.8021,311.342,29.5392,191.02
2018,6,3,12,159.951,238.392,94.575,119.951,149.79,29.5448,47.9646,29.3462,19.8292,110.175,74.025,82.3,371.84,59.9918,226.146,165.733,98.7267,9.7545,99.97,215.061,243.171,177.193,23.5911,127.506,214.171,135.85,44.8307,30.5008,66.0974,136.695,240.495,99.97,90.9583,313.2,27.3,190.0
2018,6,3,13,166.549,239.904,99.97,120.857,149.94,29.6696,48.1542,29.3796,19.8337,111.612,73.3417,82.24,359.4,65.2773,225.412,192.78,99.7167,9.93279,99.97,240.443,237.752,199.92,24.6745,134.21,248.763,142.074,50.2677,33.0,71.9255,136.786,247.448,99.97,91.7917,313.2,25.4052,187.64
2018,6,3,14,165.392,239.904,99.97,120.953,149.1,29.7337,48.1596,29.4197,19.8045,110.6,73.6583,80.3368,370.44,68.8188,227.387,189.434,95.9513,10.0,99.97,238.699,243.171,199.92,23.9349,133.573,249.813,146.331,50.8406,33.0,71.9736,140.386,246.276,99.97,97.4583,313.2,29.3702,187.14
2018,6,3,15,163.421,239.904,99.97,120.116,146.4,29.6393,47.7046,29.266,19.737,109.275,72.425,82.0771,369.48,68.3637,220.371,187.718,75.51,10.0,99.97,232.468,243.544,199.92,24.0859,139.958,249.375,119.925,50.4339,33.0,70.2661,139.262,223.073,99.97,96.3646,304.057,27.7127,184.08
2018,6,3,16,157.866,239.904,99.9483,117.304,143.085,28.8664,46.7675,28.5176,19.296,103.475,69.2583,80.5254,364.4,67.3021,213.203,156.261,70.1212,9.06917,99.97,244.445,234.495,199.71,24.8906,136.743,249.608,143.114,49.5,32.9834,73.9537,137.059,192.214,99.97,95.4063,286.715,24.5018,175.88
2018,6,3,17,143.363,232.288,92.1375,108.966,133.35,26.919,43.5283,26.6799,16.2743,84.8625,62.5167,79.5995,340.32,63.5104,190.152,151.134,80.3812,5.08612,52.8775,228.981,217.385,187.297,23.2083,131.753,233.917,132.34,45.5354,27.3388,69.5847,132.32,186.745,61.3275,90.8958,286.038,23.3675,165.44
2018,6,3,18,109.56,175.42,68.6183,89.2161,109.47,20.2027,35.9288,21.2403,15.0098,48.4625,46.1667,65.2742,279.08,52.4008,141.949,86.3532,49.7362,1.08675,8.37417,177.56,106.851,128.287,18.1589,113.234,171.996,98.5725,35.2229,13.3279,53.856,113.712,140.885,8.52583,77.0625,253.833,20.6635,139.98
2018,6,3,19,41.1775,61.348,21.3742,43.2983,51.735,10.8,17.6638,9.99368,6.60375,7.675,19.6917,27.1076,133.84,22.2647,65.5034,23.2882,12.2287,0.408375,5.43833,71.001,27.0664,51.9867,6.91146,64.2612,66.2958,35.685,11.0859,3.76448,20.4104,63.4942,64.5573,8.4825,40.1979,137.311,12.4443,64.26
2018,6,3,20,1.42188,2.072,0.5525,3.93621,4.845,1.08,1.67917,1.31979,0.6975,0.35,1.675,2.22039,9.12,1.06925,3.74884,0.999308,0.50625,0.009,0.6825,11.0617,2.82943,9.05333,1.03646,12.2243,10.9375,5.98,1.15156,0.43065,3.1265,13.5191,8.30729,1.3975,10.5938,11.9447,2.13525,4.96
2018,6,3,21,0.0,0.0,0.0,0.0,0.0,0.0,0.0,0.0,0.0,0.0,0.0,0.0,0.0,0.0,0.0,0.0,0.0,0.0,0.0,0.0,0.0,0.0,0.0,0.0,0.0,0.0,0.0,0.0,0.0,0.0,0.0,0.0,0.0,0.0,0.0,0.0
2018,6,3,22,0.0,0.0,0.0,0.0,0.0,0.0,0.0,0.0,0.0,0.0,0.0,0.0,0.0,0.0,0.0,0.0,0.0,0.0,0.0,0.0,0.0,0.0,0.0,0.0,0.0,0.0,0.0,0.0,0.0,0.0,0.0,0.0,0.0,0.0,0.0,0.0
2018,6,3,23,0.0,0.0,0.0,0.0,0.0,0.0,0.0,0.0,0.0,0.0,0.0,0.0,0.0,0.0,0.0,0.0,0.0,0.0,0.0,0.0,0.0,0.0,0.0,0.0,0.0,0.0,0.0,0.0,0.0,0.0,0.0,0.0,0.0,0.0,0.0,0.0
2018,6,3,24,0.0,0.0,0.0,0.0,0.0,0.0,0.0,0.0,0.0,0.0,0.0,0.0,0.0,0.0,0.0,0.0,0.0,0.0,0.0,0.0,0.0,0.0,0.0,0.0,0.0,0.0,0.0,0.0,0.0,0.0,0.0,0.0,0.0,0.0,0.0,0.0
2018,6,4,1,0.0,0.0,0.0,0.0,0.0,0.0,0.0,0.0,0.0,0.0,0.0,0.0,0.0,0.0,0.0,0.0,0.0,0.0,0.0,0.0,0.0,0.0,0.0,0.0,0.0,0.0,0.0,0.0,0.0,0.0,0.0,0.0,0.0,0.0,0.0,0.0
2018,6,4,2,0.0,0.0,0.0,0.0,0.0,0.0,0.0,0.0,0.0,0.0,0.0,0.0,0.0,0.0,0.0,0.0,0.0,0.0,0.0,0.0,0.0,0.0,0.0,0.0,0.0,0.0,0.0,0.0,0.0,0.0,0.0,0.0,0.0,0.0,0.0,0.0
2018,6,4,3,0.0,0.0,0.0,0.0,0.0,0.0,0.0,0.0,0.0,0.0,0.0,0.0,0.0,0.0,0.0,0.0,0.0,0.0,0.0,0.0,0.0,0.0,0.0,0.0,0.0,0.0,0.0,0.0,0.0,0.0,0.0,0.0,0.0,0.0,0.0,0.0
2018,6,4,4,0.0,0.0,0.0,0.0,0.0,0.0,0.0,0.0,0.0,0.0,0.0,0.0,0.0,0.0,0.0,0.0,0.0,0.0,0.0,0.0,0.0,0.0,0.0,0.0,0.0,0.0,0.0,0.0,0.0,0.0,0.0,0.0,0.0,0.0,0.0,0.0
2018,6,4,5,0.0,0.0,0.0,0.0,0.0,0.0,0.0,0.0,0.0,0.0,0.0,0.0,0.0,0.0,0.0,0.0,0.0,0.0,0.0,0.0,0.0,0.0,0.0,0.0,0.0,0.0,0.0,0.0,0.0,0.0,0.0,0.0,0.0,0.0,0.0,0.0
2018,6,4,6,3.48833,4.536,2.18833,0.10972,0.105,0.016875,0.0108333,0.0233888,0.00225,0.3,0.0,0.522948,1.24,0.091,0.27863,0.0,0.18,0.0,0.0,0.114333,0.0,0.07,0.0130208,0.121333,0.0875,0.065,0.0171875,0.0,0.0320667,0.18228,0.078125,0.0,0.0625,0.07047,0.00325,1.44
2018,6,4,7,28.9304,49.28,17.6908,5.04712,4.665,1.34325,1.14292,4.31021,0.4365,6.8125,0.1,7.11552,14.96,0.9555,25.8366,1.28172,2.745,1.49963,6.96583,43.3609,16.2025,38.3133,4.38281,20.6873,47.6292,28.6325,8.4849,5.07128,12.5862,24.3951,23.2552,10.5625,20.2604,3.69967,0.36075,37.3
2018,6,4,8,117.049,153.16,64.4908,28.5546,39.15,6.26738,12.6263,14.932,2.889,10.4875,2.48333,17.403,12.72,0.894833,40.604,12.0569,5.805,6.05363,59.4208,136.057,145.449,126.583,14.8359,61.3492,163.654,80.5025,29.0068,21.4323,37.9589,64.9069,145.182,58.4025,49.1042,7.7517,1.91425,96.1
2018,6,4,9,128.158,204.512,88.6275,77.1743,88.83,9.7605,29.6183,25.1396,8.3475,33.875,9.475,2.22039,8.92,1.78967,106.335,62.826,40.5787,9.04725,92.3975,218.691,216.531,186.433,22.0313,106.182,234.004,128.57,44.8479,28.7106,65.0392,102.563,217.396,92.7442,49.7188,31.3944,14.1082,72.64
2018,6,4,10,112.897,185.136,67.8275,81.7688,113.235,14.2088,35.295,25.5706,13.8127,52.9125,27.775,3.63492,16.6,3.185,130.728,60.7188,32.6138,9.98371,99.97,243.387,241.169,199.92,24.9089,135.787,249.9,142.025,51.3505,33.0,73.2002,128.401,239.635,99.97,87.4375,165.569,28.8632,15.9
2018,6,4,11,140.5,232.036,86.4608,97.7331,116.445,19.2442,37.6946,26.8994,17.6045,42.45,41.6417,5.69242,101.72,10.4347,168.647,73.9053,34.8413,10.0,99.97,244.902,247.922,199.92,25.0,139.958,249.9,149.955,52.8573,33.0,73.9778,142.634,243.984,99.97,98.6354,214.793,29.367,22.9
2018,6,4,12,156.615,232.96,99.97,93.454,113.82,22.9129,35.9396,29.6901,19.7212,34.7375,40.25,12.0021,147.6,25.9426,211.303,159.281,52.9425,10.0,99.97,244.902,247.388,199.92,25.0,139.958,249.9,149.955,52.8458,33.0,73.9778,143.591,244.063,99.97,99.1458,306.347,29.926,65.2
2018,6,4,13,162.34,239.904,99.97,88.352,114.885,23.3482,37.7488,29.5634,19.3793,79.0875,56.5,35.9034,221.8,57.2466,220.295,180.419,95.7375,10.0,99.97,244.902,245.413,199.92,25.0,139.958,249.9,149.662,52.5078,33.0,73.9778,143.743,241.953,99.97,98.8333,296.474,29.9325,92.86
2018,6,4,14,159.648,239.904,97.1317,96.8553,117.9,24.597,40.3704,29.4297,19.6335,20.45,64.5583,60.5505,188.84,31.4481,219.814,84.876,61.7063,10.0,99.97,244.902,243.01,199.92,25.0,139.958,249.9,148.509,52.1068,33.0,73.9778,143.561,239.557,99.97,98.4479,275.281,29.874,97.78
2018,6,4,15,141.164,235.256,99.97,110.858,140.595,28.7516,45.7221,29.2125,19.4985,72.3125,62.575,28.042,104.52,23.6903,194.433,103.537,60.5475,9.99383,99.97,244.902,239.861,199.92,25.0,139.958,249.9,146.819,51.5396,33.0,73.9778,142.983,237.344,99.97,98.0833,311.485,29.7115,101.3
2018,6,4,16,151.003,185.724,99.9267,113.931,140.535,28.2859,45.4946,28.5042,19.0395,85.825,64.5917,9.17302,31.96,6.02117,205.426,147.181,80.19,9.85021,99.97,244.902,235.617,199.92,25.0,139.731,249.9,144.186,50.6344,33.0,73.9778,140.583,233.516,99.97,96.75,305.029,29.1882,49.04
2018,6,4,17,118.129,181.104,88.4542,101.944,126.585,26.0786,42.0225,26.8369,17.856,87.5875,57.05,5.5724,44.08,7.06008,179.894,156.24,73.7212,9.06075,99.255,238.557,222.697,195.417,24.5859,134.907,244.154,136.63,47.8786,32.2142,73.4888,134.614,224.271,99.2333,92.7604,290.442,27.573,14.28
2018,6,4,18,44.5521,114.436,58.0883,87.4194,108.03,21.6304,35.1379,22.3429,14.8073,57.05,46.05,22.0152,209.32,33.1771,145.445,119.613,58.815,8.08875,87.3275,206.858,193.068,170.24,21.3125,118.436,212.654,118.43,41.462,28.2558,64.3097,117.905,199.036,87.1,82.5833,252.564,23.66,12.0
2018,6,4,19,23.3377,13.16,18.2108,43.0925,50.82,10.7629,17.4904,11.4772,7.659,27.7875,21.1583,21.1408,102.56,20.0503,63.9329,56.6781,28.0688,5.21663,55.2608,127.282,121.105,105.21,12.9427,76.1367,130.988,73.4013,25.3057,17.8311,38.6163,75.312,132.422,55.055,54.2917,143.724,11.6415,0.56
2018,6,4,20,1.30812,2.576,0.195,4.19679,4.965,1.11038,1.70625,1.57039,0.86175,2.5125,1.71667,1.68029,7.24,1.365,4.99001,4.01896,1.94625,1.20263,10.79,25.4677,23.196,21.0,2.53125,17.017,26.5125,14.9663,4.99583,4.02806,7.38335,16.5571,32.0313,10.5083,12.0521,16.49,2.0865,0.04
2018,6,4,21,0.0,0.0,0.0,0.0,0.0,0.0,0.0,0.0,0.0,0.0,0.0,0.0,0.0,0.0,0.0,0.0,0.0,0.0,0.0,0.0,0.0,0.0,0.0,0.0,0.0,0.0,0.0,0.0,0.0,0.0,0.0,0.0,0.0,0.0,0.0,0.0
2018,6,4,22,0.0,0.0,0.0,0.0,0.0,0.0,0.0,0.0,0.0,0.0,0.0,0.0,0.0,0.0,0.0,0.0,0.0,0.0,0.0,0.0,0.0,0.0,0.0,0.0,0.0,0.0,0.0,0.0,0.0,0.0,0.0,0.0,0.0,0.0,0.0,0.0
2018,6,4,23,0.0,0.0,0.0,0.0,0.0,0.0,0.0,0.0,0.0,0.0,0.0,0.0,0.0,0.0,0.0,0.0,0.0,0.0,0.0,0.0,0.0,0.0,0.0,0.0,0.0,0.0,0.0,0.0,0.0,0.0,0.0,0.0,0.0,0.0,0.0,0.0
2018,6,4,24,0.0,0.0,0.0,0.0,0.0,0.0,0.0,0.0,0.0,0.0,0.0,0.0,0.0,0.0,0.0,0.0,0.0,0.0,0.0,0.0,0.0,0.0,0.0,0.0,0.0,0.0,0.0,0.0,0.0,0.0,0.0,0.0,0.0,0.0,0.0,0.0
2018,6,5,1,0.0,0.0,0.0,0.0,0.0,0.0,0.0,0.0,0.0,0.0,0.0,0.0,0.0,0.0,0.0,0.0,0.0,0.0,0.0,0.0,0.0,0.0,0.0,0.0,0.0,0.0,0.0,0.0,0.0,0.0,0.0,0.0,0.0,0.0,0.0,0.0
2018,6,5,2,0.0,0.0,0.0,0.0,0.0,0.0,0.0,0.0,0.0,0.0,0.0,0.0,0.0,0.0,0.0,0.0,0.0,0.0,0.0,0.0,0.0,0.0,0.0,0.0,0.0,0.0,0.0,0.0,0.0,0.0,0.0,0.0,0.0,0.0,0.0,0.0
2018,6,5,3,0.0,0.0,0.0,0.0,0.0,0.0,0.0,0.0,0.0,0.0,0.0,0.0,0.0,0.0,0.0,0.0,0.0,0.0,0.0,0.0,0.0,0.0,0.0,0.0,0.0,0.0,0.0,0.0,0.0,0.0,0.0,0.0,0.0,0.0,0.0,0.0
2018,6,5,4,0.0,0.0,0.0,0.0,0.0,0.0,0.0,0.0,0.0,0.0,0.0,0.0,0.0,0.0,0.0,0.0,0.0,0.0,0.0,0.0,0.0,0.0,0.0,0.0,0.0,0.0,0.0,0.0,0.0,0.0,0.0,0.0,0.0,0.0,0.0,0.0
2018,6,5,5,0.0,0.0,0.0,0.0,0.0,0.0,0.0,0.0,0.0,0.0,0.0,0.0,0.0,0.0,0.0,0.0,0.0,0.0,0.0,0.0,0.0,0.0,0.0,0.0,0.0,0.0,0.0,0.0,0.0,0.0,0.0,0.0,0.0,0.0,0.0,0.0
2018,6,5,6,4.17083,6.804,2.2425,0.836615,0.795,0.04725,0.30875,0.0434363,0.04725,2.0375,1.9,0.505802,0.08,2.366,0.93721,3.41068,2.1825,0.0,0.0,0.1715,0.0,0.116667,0.0182292,0.288167,0.145833,0.0975,0.0286458,0.0,0.0481,0.18228,0.104167,0.0,0.0729167,5.32048,0.1885,0.98
2018,6,5,7,49.4433,77.7,29.965,31.3525,35.79,6.32137,12.3554,7.30731,5.274,33.0625,24.15,2.94051,2.0,16.744,49.7988,62.6305,29.1487,0.94275,5.41667,36.5009,33.3659,9.33333,5.625,25.6772,14.3792,34.1575,3.27135,5.66156,10.3175,30.2281,45.9896,7.36667,20.3646,101.583,7.345,8.0
2018,6,5,8,116.082,182.532,71.6192,79.739,93.945,17.3846,33.8433,20.3115,14.0017,80.2375,53.4167,0.848719,6.92,0.75075,152.639,136.84,70.4925,4.329,48.3817,135.456,125.589,92.68,15.0286,88.0425,119.962,95.29,23.5698,20.7974,39.7226,73.6259,122.161,49.8117,59.2396,228.006,20.5757,9.72
2018,6,5,9,106.963,175.812,66.7117,110.461,125.49,27.2734,43.5879,26.8603,18.135,99.7375,64.1917,5.13518,203.92,33.0406,208.846,178.442,92.1037,7.16737,91.2925,186.163,185.915,164.757,21.5677,128.431,210.846,122.866,40.2245,28.6011,55.5154,122.401,191.042,91.9317,84.9896,285.051,27.5438,18.9
2018,6,5,10,159.951,213.08,79.5817,119.375,140.88,29.5371,47.1683,29.2776,19.6937,110.1,72.8,47.1167,327.96,56.8826,224.348,192.562,99.3454,9.29813,99.97,217.948,231.399,198.45,22.625,131.798,241.617,131.251,47.1911,32.6067,70.6669,123.799,217.135,99.97,91.6458,308.306,29.575,55.76
2018,6,5,11,170.17,237.524,85.0308,121.378,147.585,29.9623,47.9971,29.7,19.9827,111.862,73.6833,43.4304,349.8,66.6499,227.615,196.082,100.0,9.774,99.97,244.588,232.68,199.337,25.0,135.711,249.2,140.498,49.0531,33.0,73.9778,134.31,228.229,99.97,92.3021,312.041,29.7895,61.14
2018,6,5,12,169.165,239.904,99.97,121.337,149.4,29.9724,48.0025,29.7,19.9983,112.325,73.025,80.894,350.88,66.6954,227.945,195.473,100.0,9.88425,99.97,244.902,233.695,199.92,25.0,134.695,249.9,140.27,49.2594,33.0,73.9778,134.872,228.151,99.97,92.0833,290.926,29.562,133.76
2018,6,5,13,167.914,238.924,96.915,120.857,149.865,29.8544,47.8237,29.6243,19.9209,111.45,72.1083,82.3,349.88,61.1672,228.578,194.083,99.9525,9.79313,99.97,244.902,234.255,199.92,25.0,135.211,249.9,140.156,49.4198,33.0,73.9778,135.297,230.078,99.97,92.8333,275.106,29.3475,170.5
2018,6,5,14,166.473,239.904,99.97,119.787,148.515,29.5853,47.385,29.3963,19.7393,110.05,71.4167,82.3,349.72,65.3759,227.185,192.584,99.3375,9.531,99.97,244.902,233.828,199.92,25.0,135.726,249.9,140.384,49.4083,33.0,73.9778,135.875,231.432,99.97,93.25,302.281,29.2175,176.78
2018,6,5,15,164.615,239.904,99.97,118.264,146.325,29.2309,46.8433,29.0856,19.5413,108.375,70.9917,82.3,349.8,64.9588,223.385,190.412,98.0888,7.45875,81.64,244.902,233.027,199.92,22.0,135.681,249.9,140.254,46.5781,30.6009,73.9778,135.707,232.344,99.58,93.4271,298.934,29.094,175.62
2018,6,5,16,159.97,239.904,99.97,115.425,142.635,28.5154,45.7546,28.6044,19.1318,103.55,68.1917,60.7305,335.72,63.973,215.128,185.958,95.9738,7.77263,95.5933,242.873,230.011,199.057,24.5755,134.149,248.675,138.71,48.8182,28.9444,73.9778,134.128,230.729,93.08,92.6042,294.635,28.6813,170.76
2018,6,5,17,146.908,231.644,89.5267,105.537,128.22,27.054,40.3867,26.4694,16.362,96.1375,65.1667,55.0553,313.8,60.2572,199.752,173.749,89.3363,6.552,98.4642,234.984,223.018,193.107,21.8125,87.1022,241.004,134.436,46.9792,22.3827,73.6411,95.059,222.969,92.7442,88.4167,284.029,27.04,157.52
2018,6,5,18,114.034,182.336,69.7125,78.6007,97.26,22.815,30.7504,23.1482,14.913,82.1375,53.1833,48.557,244.04,39.767,163.48,143.661,73.575,6.99413,89.9167,205.914,197.126,170.427,21.5417,50.9752,212.392,118.251,41.2385,18.5885,65.0953,51.1447,199.609,89.8625,79.8333,226.702,18.9313,124.84
2018,6,5,19,47.1873,72.128,27.1592,44.0663,33.735,11.7079,14.56,11.7178,7.97175,40.1625,22.325,23.8156,120.68,22.6514,81.5879,69.995,35.4825,3.0555,54.99,130.883,121.799,103.833,13.2917,46.7892,135.479,75.335,26.0047,14.8983,39.8829,67.6107,133.724,57.4925,53.0938,114.373,13.4063,54.6
2018,6,5,20,1.68729,2.52,0.671667,4.67681,2.055,0.8775,1.67917,1.46013,0.9765,3.3125,2.13333,2.52901,11.56,2.01717,5.80057,5.93067,2.95875,0.702,13.8883,26.7826,23.4362,21.8867,2.64063,16.7895,25.2583,15.665,5.25938,3.22245,7.80022,16.39,31.25,13.1517,12.8333,22.4799,2.25225,4.48
2018,6,5,21,0.0,0.0,0.0,0.0,0.0,0.0,0.0,0.0,0.0,0.0,0.0,0.0,0.0,0.0,0.0,0.0,0.0,0.0,0.0,0.0,0.0,0.0,0.0,0.0,0.0,0.0,0.0,0.0,0.0,0.0,0.0,0.0,0.0,0.0,0.0,0.0
2018,6,5,22,0.0,0.0,0.0,0.0,0.0,0.0,0.0,0.0,0.0,0.0,0.0,0.0,0.0,0.0,0.0,0.0,0.0,0.0,0.0,0.0,0.0,0.0,0.0,0.0,0.0,0.0,0.0,0.0,0.0,0.0,0.0,0.0,0.0,0.0,0.0,0.0
2018,6,5,23,0.0,0.0,0.0,0.0,0.0,0.0,0.0,0.0,0.0,0.0,0.0,0.0,0.0,0.0,0.0,0.0,0.0,0.0,0.0,0.0,0.0,0.0,0.0,0.0,0.0,0.0,0.0,0.0,0.0,0.0,0.0,0.0,0.0,0.0,0.0,0.0
2018,6,5,24,0.0,0.0,0.0,0.0,0.0,0.0,0.0,0.0,0.0,0.0,0.0,0.0,0.0,0.0,0.0,0.0,0.0,0.0,0.0,0.0,0.0,0.0,0.0,0.0,0.0,0.0,0.0,0.0,0.0,0.0,0.0,0.0,0.0,0.0,0.0,0.0
2018,6,6,1,0.0,0.0,0.0,0.0,0.0,0.0,0.0,0.0,0.0,0.0,0.0,0.0,0.0,0.0,0.0,0.0,0.0,0.0,0.0,0.0,0.0,0.0,0.0,0.0,0.0,0.0,0.0,0.0,0.0,0.0,0.0,0.0,0.0,0.0,0.0,0.0
2018,6,6,2,0.0,0.0,0.0,0.0,0.0,0.0,0.0,0.0,0.0,0.0,0.0,0.0,0.0,0.0,0.0,0.0,0.0,0.0,0.0,0.0,0.0,0.0,0.0,0.0,0.0,0.0,0.0,0.0,0.0,0.0,0.0,0.0,0.0,0.0,0.0,0.0
2018,6,6,3,0.0,0.0,0.0,0.0,0.0,0.0,0.0,0.0,0.0,0.0,0.0,0.0,0.0,0.0,0.0,0.0,0.0,0.0,0.0,0.0,0.0,0.0,0.0,0.0,0.0,0.0,0.0,0.0,0.0,0.0,0.0,0.0,0.0,0.0,0.0,0.0
2018,6,6,4,0.0,0.0,0.0,0.0,0.0,0.0,0.0,0.0,0.0,0.0,0.0,0.0,0.0,0.0,0.0,0.0,0.0,0.0,0.0,0.0,0.0,0.0,0.0,0.0,0.0,0.0,0.0,0.0,0.0,0.0,0.0,0.0,0.0,0.0,0.0,0.0
2018,6,6,5,0.0,0.0,0.0,0.0,0.0,0.0,0.0,0.0,0.0,0.0,0.0,0.0,0.0,0.0,0.0,0.0,0.0,0.0,0.0,0.0,0.0,0.0,0.0,0.0,0.0,0.0,0.0,0.0,0.0,0.0,0.0,0.0,0.0,0.0,0.0,0.0
2018,6,6,6,4.56896,3.584,1.67917,0.68575,0.21,0.172125,0.249167,0.0434363,0.045,0.6,1.16667,3.12054,14.72,0.970667,0.78523,0.412758,0.05625,0.0,0.0,0.0,0.0266927,0.07,0.0130208,0.348833,0.0875,0.0,0.0171875,0.0,0.0320667,0.34937,0.104167,0.0,0.09375,5.10907,0.2145,2.82
2018,6,6,7,45.1587,83.132,31.6117,31.0096,27.0,5.8455,10.7737,3.68874,3.897,22.5125,22.2083,29.2937,134.36,22.1813,26.1912,14.7507,6.89625,0.959625,14.105,23.9528,6.37956,18.34,3.3724,36.8095,29.5167,19.5,5.10469,1.64464,7.08673,37.1851,32.0313,2.78417,17.8646,81.8509,8.463,73.22
2018,6,6,8,127.04,185.64,71.7492,49.4426,51.63,15.8591,12.6479,20.3248,13.0163,66.7625,56.2417,62.3423,277.56,49.8453,150.865,140.099,70.3912,4.36612,46.4425,69.9434,61.0462,54.67,13.5964,98.7805,56.5833,69.2413,12.7016,11.26,23.8255,99.0692,40.3125,34.2875,64.7292,218.563,21.2388,140.22
2018,6,6,9,77.1604,138.768,58.11,101.765,116.505,24.2359,39.1517,26.9205,18.0743,94.2875,68.85,69.4235,335.52,61.6222,208.567,180.266,93.2738,7.2405,73.8833,201.827,150.307,140.98,21.2005,129.736,151.725,122.785,31.8484,23.8825,62.4017,129.662,145.859,68.7483,88.2396,273.846,27.1895,167.12
2018,6,6,10,133.334,176.96,66.0833,118.264,139.65,29.3119,46.9029,26.2722,19.6245,108.7,73.4167,81.9485,343.64,54.9033,225.006,192.78,99.4325,9.42075,83.6875,243.244,227.475,198.263,24.8177,139.624,240.654,140.595,46.8417,28.7152,73.8335,140.568,229.01,77.8158,66.0313,295.798,29.3735,177.26
2018,6,6,11,151.743,198.268,82.5608,120.857,146.805,29.9194,47.8942,28.9892,19.9967,112.238,74.5083,82.3,322.76,67.6964,227.311,194.908,100.0,9.78975,68.6292,239.871,221.042,192.5,24.5495,139.958,249.9,143.813,50.0729,30.0692,72.4226,140.811,220.469,73.5692,67.5625,300.59,29.6465,157.14
2018,6,6,12,161.999,217.196,80.1558,120.665,148.935,29.7709,47.8508,29.6451,19.8956,112.075,74.15,76.3161,362.24,68.9704,226.678,194.583,100.0,9.927,75.6492,231.639,205.427,180.367,23.5443,139.018,238.875,122.168,47.9359,32.7337,72.1179,138.366,193.177,64.48,75.0521,304.677,29.5978,149.76
2018,6,6,13,158.056,215.32,81.12,120.061,148.71,29.6663,47.5258,29.3662,19.7595,111.488,74.0583,75.6989,359.76,67.9694,225.108,193.931,100.0,8.69792,91.0975,179.732,141.338,146.697,21.8958,136.5,183.05,120.152,40.0526,32.9908,56.5977,136.877,193.464,86.645,70.0729,304.959,29.3215,149.18
2018,6,6,14,155.06,206.724,94.6833,119.663,147.24,29.5144,47.3362,29.2393,19.629,110.913,74.0167,71.7382,360.12,67.2263,224.196,193.192,99.8487,8.54492,98.6592,133.913,181.484,137.457,18.9688,110.262,178.5,104.423,35.899,22.2443,40.4761,114.335,222.604,95.6258,67.5833,302.774,29.1038,146.82
2018,6,6,15,153.07,209.356,97.0883,118.868,145.485,29.3287,47.0817,29.0956,19.5053,109.688,73.9083,74.5929,357.84,66.3542,214.773,191.954,99.5763,9.83587,96.4817,144.403,233.882,185.453,18.5182,113.932,214.725,103.61,39.6229,6.34095,45.9435,112.345,215.964,99.84,67.2813,299.815,27.118,163.94
2018,6,6,16,161.373,178.36,99.97,116.797,142.29,28.7449,46.1717,28.2035,18.8573,107.8,70.2583,61.8193,348.32,59.7036,187.467,188.131,97.1325,9.5985,97.1208,240.872,227.582,197.657,24.5104,103.604,246.925,137.069,48.2281,3.22616,73.9778,103.414,180.443,84.0233,61.8646,295.974,25.2297,150.34
2018,6,6,17,145.145,188.916,93.9683,109.405,133.245,26.9393,42.6888,25.6775,17.9505,100.387,66.9,46.0709,313.08,60.1358,188.379,174.575,90.045,9.14625,34.58,215.004,195.017,168.07,23.224,55.3583,198.887,125.743,37.5089,1.11375,67.2438,68.279,196.615,57.1892,78.4896,282.902,10.283,158.6
2018,6,6,18,115.418,168.924,53.5383,90.4641,108.165,20.9419,34.5692,21.4976,13.5787,82.1625,54.1167,50.1516,255.16,47.8812,143.444,141.945,72.855,5.2065,33.7567,177.674,161.277,107.473,19.1198,45.7882,92.4583,106.6,10.8281,1.8117,50.5291,42.1219,72.7083,15.2967,77.5833,215.427,1.92725,126.14
2018,6,6,19,49.8415,66.472,6.045,44.5875,35.445,10.8,17.8046,9.71301,7.15275,39.3125,26.0083,26.6618,119.0,22.2495,73.5836,67.6922,34.4475,3.76425,45.5108,66.542,91.2357,33.9033,10.4583,42.8003,59.675,60.3687,3.43177,3.04054,20.1138,31.899,124.714,26.455,48.4583,109.334,1.38775,49.32
2018,6,6,20,2.36979,2.1,0.790833,4.40252,2.055,1.15762,1.77667,1.36991,0.92925,3.2625,2.575,2.48615,11.28,2.00958,4.78737,6.32171,2.9025,0.635625,11.1908,13.2627,23.1159,0.116667,1.95052,12.5277,23.1583,10.4162,0.733333,2.44283,4.15263,8.91653,29.375,3.06583,11.3125,16.9128,0.598,4.84
2018,6,6,21,0.0,0.0,0.0,0.0,0.0,0.0,0.0,0.0,0.0,0.0,0.0,0.0,0.0,0.0,0.0,0.0,0.0,0.0,0.0,0.0,0.0,0.0,0.0,0.0,0.0,0.0,0.0,0.0,0.0,0.0,0.0,0.0,0.0,0.0,0.0,0.0
2018,6,6,22,0.0,0.0,0.0,0.0,0.0,0.0,0.0,0.0,0.0,0.0,0.0,0.0,0.0,0.0,0.0,0.0,0.0,0.0,0.0,0.0,0.0,0.0,0.0,0.0,0.0,0.0,0.0,0.0,0.0,0.0,0.0,0.0,0.0,0.0,0.0,0.0
2018,6,6,23,0.0,0.0,0.0,0.0,0.0,0.0,0.0,0.0,0.0,0.0,0.0,0.0,0.0,0.0,0.0,0.0,0.0,0.0,0.0,0.0,0.0,0.0,0.0,0.0,0.0,0.0,0.0,0.0,0.0,0.0,0.0,0.0,0.0,0.0,0.0,0.0
2018,6,6,24,0.0,0.0,0.0,0.0,0.0,0.0,0.0,0.0,0.0,0.0,0.0,0.0,0.0,0.0,0.0,0.0,0.0,0.0,0.0,0.0,0.0,0.0,0.0,0.0,0.0,0.0,0.0,0.0,0.0,0.0,0.0,0.0,0.0,0.0,0.0,0.0
2018,6,7,1,0.0,0.0,0.0,0.0,0.0,0.0,0.0,0.0,0.0,0.0,0.0,0.0,0.0,0.0,0.0,0.0,0.0,0.0,0.0,0.0,0.0,0.0,0.0,0.0,0.0,0.0,0.0,0.0,0.0,0.0,0.0,0.0,0.0,0.0,0.0,0.0
2018,6,7,2,0.0,0.0,0.0,0.0,0.0,0.0,0.0,0.0,0.0,0.0,0.0,0.0,0.0,0.0,0.0,0.0,0.0,0.0,0.0,0.0,0.0,0.0,0.0,0.0,0.0,0.0,0.0,0.0,0.0,0.0,0.0,0.0,0.0,0.0,0.0,0.0
2018,6,7,3,0.0,0.0,0.0,0.0,0.0,0.0,0.0,0.0,0.0,0.0,0.0,0.0,0.0,0.0,0.0,0.0,0.0,0.0,0.0,0.0,0.0,0.0,0.0,0.0,0.0,0.0,0.0,0.0,0.0,0.0,0.0,0.0,0.0,0.0,0.0,0.0
2018,6,7,4,0.0,0.0,0.0,0.0,0.0,0.0,0.0,0.0,0.0,0.0,0.0,0.0,0.0,0.0,0.0,0.0,0.0,0.0,0.0,0.0,0.0,0.0,0.0,0.0,0.0,0.0,0.0,0.0,0.0,0.0,0.0,0.0,0.0,0.0,0.0,0.0
2018,6,7,5,0.0,0.0,0.0,0.0,0.0,0.0,0.0,0.0,0.0,0.0,0.0,0.0,0.0,0.0,0.0,0.0,0.0,0.0,0.0,0.0,0.0,0.0,0.0,0.0,0.0,0.0,0.0,0.0,0.0,0.0,0.0,0.0,0.0,0.0,0.0,0.0
2018,6,7,6,2.08542,3.668,1.08333,0.76804,0.705,0.010125,0.27625,0.0334125,0.07875,1.6,1.15,2.18609,13.08,2.16883,1.0132,5.75688,3.015,0.0,0.0,0.114333,0.0266927,0.07,0.0130208,0.273,0.116667,0.065,0.0229167,0.0,0.0320667,0.27342,0.104167,0.0,0.0729167,2.14934,0.1885,6.04
2018,6,7,7,42.0496,74.62,22.4467,34.8087,36.15,0.00675,12.9188,6.72928,4.2885,40.1625,12.4,21.4752,107.0,22.2419,61.7292,34.6716,19.125,0.0,17.7992,46.9624,44.2832,28.42,3.80208,33.8975,49.0583,23.8712,9.65937,0.426938,14.1254,34.1016,42.6563,16.705,19.7917,55.8827,7.761,67.28
2018,6,7,8,130.907,206.64,79.7767,87.7349,97.695,8.09325,34.9917,17.3778,9.36,57.3375,34.0,43.3447,208.96,37.3479,165.304,93.066,41.715,0.108,59.8325,135.456,135.065,121.987,13.9792,92.9868,158.054,78.4875,28.9266,6.00311,39.1534,89.9856,135.625,56.1275,62.9688,123.252,20.28,90.74
2018,6,7,9,158.018,239.82,94.6183,109.405,129.075,18.9236,44.9258,26.75,17.7727,93.0375,51.35,63.6968,309.24,53.0682,195.725,148.528,64.6988,0.975375,85.5508,172.701,154.604,129.593,18.0781,122.759,165.287,103.285,36.0078,16.5392,52.7096,111.145,172.37,85.67,85.375,181.39,26.7053,135.36
2018,6,7,10,134.282,206.108,83.5142,122.818,144.33,30.0,48.5875,29.382,19.378,79.2,65.2,59.9933,301.92,60.7956,226.501,187.501,91.3971,2.6595,93.5133,204.857,218.667,177.31,19.2031,120.954,241.325,110.094,45.7818,20.0512,63.5401,116.082,182.448,90.74,71.5104,230.648,29.185,134.38
2018,6,7,11,139.95,234.332,77.2525,125.396,149.775,30.0,49.6546,28.98,18.852,97.825,76.1917,59.8732,283.28,57.8305,229.692,193.214,100.0,5.31675,98.2042,242.158,235.003,199.92,24.5807,129.872,246.954,145.047,49.9526,21.603,73.2803,124.923,180.547,96.8933,81.3125,261.62,29.7668,134.26
2018,6,7,12,144.102,234.388,80.6108,125.712,149.94,30.0,49.8279,29.7,20.0,115.487,76.275,55.9554,271.76,54.7441,230.959,198.971,100.0,7.41263,98.9517,219.92,190.239,178.337,24.2891,129.463,213.704,136.922,44.4813,22.2082,67.9894,127.915,216.563,94.4992,68.0521,277.476,29.8643,129.5
2018,6,7,13,140.879,228.368,90.9025,125.177,149.94,30.0,49.6708,29.7,20.0,114.8,74.3833,53.9322,298.76,54.3194,231.263,196.277,100.0,7.98187,99.97,199.34,224.245,171.827,22.4583,112.309,204.254,127.562,41.8401,28.7903,60.2132,116.067,222.318,96.5033,71.4792,270.499,29.9358,117.2
2018,6,7,14,159.61,217.504,93.0908,124.738,149.94,30.0,49.4487,29.7,20.0,114.85,76.5083,49.3714,255.4,51.3922,231.035,199.601,100.0,8.85825,94.0333,177.474,173.129,117.81,23.0495,110.004,164.296,128.765,34.4781,22.2082,57.3272,107.378,225.026,99.97,78.6979,291.224,27.9305,100.26
2018,6,7,15,134.452,214.228,87.165,123.874,149.595,30.0,49.1129,29.7,20.0,113.488,73.4333,14.2825,192.12,44.7492,210.619,196.603,100.0,9.79537,69.3225,110.189,137.441,137.153,13.013,100.039,142.537,64.6425,29.4307,28.6085,33.7181,101.591,226.823,97.825,87.4688,313.2,26.6955,45.32
2018,6,7,16,158.586,218.4,88.8875,121.282,146.295,29.8239,48.0242,26.9287,19.8893,109.875,69.85,4.115,47.92,15.8037,180.856,190.824,98.8704,9.67163,93.5675,113.733,182.845,124.413,9.33333,113.568,205.683,39.5038,43.2552,28.0182,38.6003,113.682,225.547,80.8925,89.5729,312.101,26.6792,10.82
2018,6,7,17,78.4306,89.88,93.4483,114.411,138.465,28.242,45.3646,28.1133,18.936,101.762,51.55,1.80031,15.44,2.12333,183.44,166.168,77.5913,8.96738,99.06,64.9699,85.2298,18.9,5.91406,116.359,27.3583,50.7162,8.59948,25.5086,21.9737,112.862,219.167,98.9192,87.9063,165.041,20.1695,3.96
2018,6,7,18,82.2412,103.152,51.9892,96.1284,116.235,23.8849,38.2362,17.0404,16.1122,80.8,37.225,1.57742,7.64,0.902417,163.784,135.059,69.5475,7.60388,87.4792,6.3455,117.822,52.5,6.41667,108.866,31.5583,37.9763,2.07396,23.7971,2.0683,90.502,193.88,86.8617,77.2188,12.2265,7.4165,3.88
2018,6,7,19,51.3392,80.668,31.1133,49.0311,57.27,12.4369,19.6246,8.44334,7.7535,36.15,7.85833,2.53758,9.88,2.65417,79.2069,68.6481,33.3225,5.36287,56.5717,51.1356,92.6237,95.2233,4.58854,67.886,94.3833,48.9125,12.1802,15.9935,15.4241,65.636,129.141,55.6725,50.2292,5.39096,3.8155,3.04
2018,6,7,20,2.52146,3.78,1.32167,5.04712,5.85,1.35,2.02583,1.17612,1.01475,3.1,0.383333,0.162885,0.52,0.151667,5.77524,5.53964,3.015,1.21612,13.3683,22.2664,25.0645,18.9233,1.17969,14.7268,22.8083,13.4713,4.19948,3.57885,6.45342,14.3242,31.6667,13.0108,11.6771,0.105705,2.45375,0.12
2018,6,7,21,0.0,0.0,0.0,0.0,0.0,0.0,0.0,0.0,0.0,0.0,0.0,0.0,0.0,0.0,0.0,0.0,0.0,0.0,0.0,0.0,0.0,0.0,0.0,0.0,0.0,0.0,0.0,0.0,0.0,0.0,0.0,0.0,0.0,0.0,0.0,0.0
2018,6,7,22,0.0,0.0,0.0,0.0,0.0,0.0,0.0,0.0,0.0,0.0,0.0,0.0,0.0,0.0,0.0,0.0,0.0,0.0,0.0,0.0,0.0,0.0,0.0,0.0,0.0,0.0,0.0,0.0,0.0,0.0,0.0,0.0,0.0,0.0,0.0,0.0
2018,6,7,23,0.0,0.0,0.0,0.0,0.0,0.0,0.0,0.0,0.0,0.0,0.0,0.0,0.0,0.0,0.0,0.0,0.0,0.0,0.0,0.0,0.0,0.0,0.0,0.0,0.0,0.0,0.0,0.0,0.0,0.0,0.0,0.0,0.0,0.0,0.0,0.0
2018,6,7,24,0.0,0.0,0.0,0.0,0.0,0.0,0.0,0.0,0.0,0.0,0.0,0.0,0.0,0.0,0.0,0.0,0.0,0.0,0.0,0.0,0.0,0.0,0.0,0.0,0.0,0.0,0.0,0.0,0.0,0.0,0.0,0.0,0.0,0.0,0.0,0.0
